id,title,firstName,lastName,email
18,,,,
1,Growing Thoughts,Ayse,Whitmore,Ayse@gmail.com
2,The Dying Scent,Sama,Vaughan,Sama@gmail.com
3,Dreams of Children,Wilfred,Rowley,Wilfred@gmail.com
4,The Witch's Tower,Britney,Duffy,Britney@gmail.com
5,The Spirit of the Lords,Maia,Flowers,Maia@gmail.com
6,Secret in the Darkness,Patsy,Chandler,Patsy@gmail.com
7,Last Dreams,Mike,Thomas,Mike@gmail.com
8,The Sharp Silk,Michele,Rawlings,Michele@gmail.com
9,Shards of Silk,Gary,Boyer,Gary@gmail.com
10,The Princess's Girlfriend,Aeryn,Black,Aeryn@gmail.com
11,The Bridges of the Soaring,Harun,Brennan,Harun@gmail.com
12,Guardian in the Force,Ewan,Chase,Ewan@gmail.com
13,The Time's Boy,Catrin,Pearson,Catrin@gmail.com
14,Serpents in the Sword,Betsy,Feeney,Betsy@gmail.com
15,The First Hunter,Santiago,Walters,Santiago@gmail.com
16,Growing Thoughts,Ayse,Whitmore,Ayse@gmail.com
17,The Dying Scent,Sama,Vaughan,srk@gmail.com
